Timestamp,State,S1_Angle,S2_Angle,S3_Angle,Kappa,Phi,X,Y,Z
2025-11-16 15:25:23.576,0,0,0,0,10.0,1.327297,0.020012,0.080555,0.098545
2025-11-16 15:25:23.828,0,0,0,0,3.313006,1.340618,0.007276,0.031048,0.135034
2025-11-16 15:25:24.080,0,5,0,0,2.738628,1.322599,0.006513,0.025699,0.136595
2025-11-16 15:25:24.332,0,5,0,0,2.783153,1.29727,0.007275,0.02593,0.136484
2025-11-16 15:25:24.585,0,10,0,0,2.781332,1.267677,0.008034,0.025687,0.136489
2025-11-16 15:25:24.837,0,15,0,0,2.803838,1.305536,0.007112,0.026178,0.136432
2025-11-16 15:25:25.089,0,15,0,0,2.771785,1.246979,0.008535,0.02543,0.136513
2025-11-16 15:25:25.342,0,20,0,0,2.777078,1.240831,0.008708,0.025425,0.1365
2025-11-16 15:25:25.594,0,25,0,0,2.780937,1.245201,0.008608,0.025497,0.13649
2025-11-16 15:25:25.847,0,25,0,0,2.787408,1.248817,0.008535,0.025586,0.136474
2025-11-16 15:25:26.099,0,30,0,0,2.792295,1.235691,0.008885,0.025515,0.136461
2025-11-16 15:25:26.352,0,30,0,0,2.783896,1.264414,0.008125,0.025684,0.136482
2025-11-16 15:25:26.604,0,35,0,0,2.804318,1.304743,0.007133,0.026177,0.136431
2025-11-16 15:25:26.857,0,40,0,0,2.773713,1.282272,0.007638,0.025733,0.136508
2025-11-16 15:25:27.110,0,40,0,0,2.785478,1.319794,0.006695,0.026109,0.136478
2025-11-16 15:25:27.361,0,45,0,0,2.71438,1.418159,0.003996,0.025977,0.136655
2025-11-16 15:25:27.613,0,50,0,0,2.770725,1.363393,0.005522,0.02624,0.136515
2025-11-16 15:25:27.866,0,50,0,0,2.778194,1.470422,0.002694,0.026749,0.136497
2025-11-16 15:25:28.144,0,55,0,0,2.9353,1.476475,0.002671,0.028237,0.136093
2025-11-16 15:25:28.386,0,55,0,0,2.775577,1.557815,0.000349,0.026858,0.136503
2025-11-16 15:25:28.636,0,60,0,0,2.88443,1.680502,-0.003053,0.027718,0.136226
2025-11-16 15:25:28.880,0,65,0,0,2.691525,1.513237,0.0015,0.026023,0.13671
2025-11-16 15:25:29.124,0,65,0,0,2.985664,1.768618,-0.005667,0.028274,0.135959
2025-11-16 15:25:29.370,0,70,0,0,3.188983,1.914591,-0.01036,0.028938,0.135395
2025-11-16 15:25:29.610,0,75,0,0,3.114621,1.851613,-0.008326,0.028866,0.135605
2025-11-16 15:25:29.915,0,75,0,0,3.283262,1.954944,-0.011848,0.029309,0.135122
2025-11-16 15:25:30.158,0,80,0,0,3.561537,2.032167,-0.015219,0.030612,0.134271
2025-11-16 15:25:30.378,0,80,0,0,3.492402,2.034197,-0.014996,0.030011,0.134488
2025-11-16 15:25:30.638,0,85,0,0,3.832602,2.146452,-0.019961,0.030758,0.133378
2025-11-16 15:25:30.868,0,90,0,0,3.447719,2.019886,-0.014386,0.029851,0.134627
2025-11-16 15:25:31.115,0,90,0,0,4.062776,2.196994,-0.022712,0.0314,0.132572
2025-11-16 15:25:31.384,0,95,0,0,4.572178,2.301593,-0.0289,0.032242,0.130633
2025-11-16 15:25:31.623,0,100,0,0,4.387864,2.265736,-0.02668,0.032003,0.131359
2025-11-16 15:25:31.925,0,100,0,0,4.745364,2.32671,-0.030744,0.032612,0.129926
2025-11-16 15:25:32.168,0,105,0,0,5.147339,2.392168,-0.035358,0.032902,0.128194
2025-11-16 15:25:32.411,0,105,0,0,5.011663,2.367617,-0.033706,0.032945,0.128793
2025-11-16 15:25:32.654,0,110,0,0,5.492293,2.424385,-0.038605,0.033669,0.126607
2025-11-16 15:25:32.898,0,115,0,0,5.181073,2.360883,-0.034517,0.034195,0.128043
2025-11-16 15:25:33.139,0,115,0,0,5.829915,2.458553,-0.04191,0.034102,0.124966
2025-11-16 15:25:33.383,0,120,0,0,6.36634,2.508005,-0.047039,0.034556,0.122187
2025-11-16 15:25:33.635,0,125,0,0,6.151002,2.487057,-0.044939,0.034485,0.123327
2025-11-16 15:25:33.887,0,125,0,0,6.651617,2.533457,-0.049743,0.034628,0.120625
2025-11-16 15:25:34.136,0,130,0,0,7.177392,2.558538,-0.05394,0.035576,0.117602
2025-11-16 15:25:34.429,0,130,0,0,7.038565,2.549844,-0.052764,0.035462,0.118418
2025-11-16 15:25:34.669,0,135,0,0,7.577524,2.582038,-0.057249,0.035857,0.115179
2025-11-16 15:25:34.912,0,140,0,0,7.10288,2.542276,-0.052894,0.036134,0.118041
2025-11-16 15:25:35.154,0,140,0,0,7.969969,2.602595,-0.06036,0.036099,0.112706
2025-11-16 15:25:35.436,0,145,0,0,8.462163,2.625571,-0.064079,0.036352,0.109474
2025-11-16 15:25:35.678,0,150,0,0,8.353597,2.620198,-0.063256,0.036335,0.110199
2025-11-16 15:25:35.919,0,150,0,0,8.790824,2.639828,-0.066466,0.036463,0.10724
2025-11-16 15:25:36.178,0,155,0,0,9.132282,2.649556,-0.068704,0.036826,0.104858
2025-11-16 15:25:36.404,0,155,0,0,9.261499,2.659102,-0.06975,0.036534,0.103941
2025-11-16 15:25:36.679,0,160,0,0,9.901201,2.684815,-0.074003,0.036368,0.099281
2025-11-16 15:25:36.911,0,165,0,0,9.784644,2.667367,-0.072775,0.037355,0.100144
2025-11-16 15:25:37.191,0,165,0,0,10.0,2.703516,-0.075165,0.03521,0.098545
2025-11-16 15:25:37.439,0,170,0,0,10.0,2.728551,-0.076023,0.033317,0.098545
2025-11-16 15:25:37.692,0,175,0,0,10.0,2.722632,-0.075824,0.033767,0.098545
2025-11-16 15:25:37.926,0,175,0,0,10.0,2.745727,-0.076584,0.032007,0.098545
2025-11-16 15:25:38.169,1,0,0,0,10.0,2.711023,-0.075427,0.034645,0.098545
2025-11-16 15:25:38.450,1,0,0,0,2.816545,1.370374,0.005424,0.026701,0.1364
2025-11-16 15:25:38.735,1,0,0,0,2.770311,1.720101,-0.003988,0.026512,0.136516
2025-11-16 15:25:38.972,1,0,5,0,2.51119,1.649876,-0.001924,0.024281,0.137134
2025-11-16 15:25:39.212,1,0,5,0,2.926912,1.613939,-0.00122,0.028258,0.136115
2025-11-16 15:25:39.449,1,0,10,0,3.070318,1.587254,-0.000488,0.029625,0.135728
2025-11-16 15:25:39.719,1,0,15,0,3.003587,1.57273,-5.6e-05,0.029004,0.13591
2025-11-16 15:25:39.972,1,0,15,0,3.100509,1.564551,0.000187,0.02991,0.135645
2025-11-16 15:25:40.194,1,0,20,0,3.155484,1.550217,0.000626,0.030418,0.135491
2025-11-16 15:25:40.489,1,0,20,0,3.11928,1.546705,0.000725,0.030077,0.135592
2025-11-16 15:25:40.693,1,0,25,0,3.111665,1.540385,0.000913,0.030001,0.135614
2025-11-16 15:25:40.946,1,0,30,0,3.134248,1.533721,0.00112,0.030205,0.13555
2025-11-16 15:25:41.247,1,0,30,0,3.052394,1.524287,0.00137,0.029429,0.135778
2025-11-16 15:25:41.490,1,0,35,0,2.940758,1.500464,0.001997,0.028344,0.136078
2025-11-16 15:25:41.702,1,0,40,0,2.969895,1.510416,0.001731,0.028636,0.136001
2025-11-16 15:25:41.954,1,0,40,0,2.797657,1.487835,0.002243,0.026975,0.136448
2025-11-16 15:25:42.232,1,0,45,0,2.466372,1.44726,0.002949,0.023749,0.137235
2025-11-16 15:25:42.476,1,0,45,0,2.530401,1.466894,0.002545,0.024407,0.13709
2025-11-16 15:25:42.745,1,0,50,0,2.359765,1.429023,0.003238,0.022686,0.137467
2025-11-16 15:25:42.997,1,0,55,0,2.512348,1.42341,0.003579,0.024104,0.137131
2025-11-16 15:25:43.236,1,0,55,0,2.141059,1.387626,0.003793,0.020477,0.137913
2025-11-16 15:25:43.464,1,0,60,0,1.75981,1.267253,0.005129,0.016375,0.138588
2025-11-16 15:25:43.759,1,0,65,0,1.982322,1.35931,0.004052,0.018872,0.13821
2025-11-16 15:25:43.969,1,0,65,0,1.600999,1.214773,0.005446,0.014644,0.138831
2025-11-16 15:25:44.228,1,0,70,0,1.129102,0.978526,0.006164,0.009161,0.139418
2025-11-16 15:25:44.481,1,0,70,0,1.364314,1.088109,0.006187,0.011807,0.13915
2025-11-16 15:25:44.759,1,0,75,0,1.073273,0.802023,0.007299,0.007546,0.139474
2025-11-16 15:25:45.019,1,0,80,0,1.313023,1.019646,0.006719,0.010931,0.139213
2025-11-16 15:25:45.262,1,0,80,0,0.992324,0.552549,0.008264,0.005096,0.13955
2025-11-16 15:25:45.499,1,0,85,0,0.959878,0.05656,0.009378,0.000531,0.139579
2025-11-16 15:25:45.735,1,0,90,0,0.926872,0.29422,0.008681,0.00263,0.139607
2025-11-16 15:25:45.980,1,0,90,0,1.089701,-0.253354,0.010318,-0.002672,0.139458
2025-11-16 15:25:46.279,1,0,95,0,1.393542,-0.568302,0.011474,-0.007327,0.139114
2025-11-16 15:25:46.519,1,0,95,0,1.267687,-0.456313,0.011123,-0.00546,0.139266
2025-11-16 15:25:46.763,1,0,100,0,1.583499,-0.659968,0.01221,-0.009475,0.138856
2025-11-16 15:25:47.009,1,0,105,0,1.489242,-0.557585,0.012339,-0.007695,0.138988
2025-11-16 15:25:47.269,1,0,105,0,1.868006,-0.765599,0.013123,-0.012614,0.13841
2025-11-16 15:25:47.521,1,0,110,0,2.330243,-0.880008,0.014422,-0.017445,0.13753
2025-11-16 15:25:47.762,1,0,115,0,1.982254,-0.807992,0.013337,-0.013953,0.13821
2025-11-16 15:25:48.000,1,0,115,0,2.62115,-0.917311,0.015442,-0.020167,0.136879
2025-11-16 15:25:48.265,1,0,120,0,3.106887,-0.967668,0.017,-0.024683,0.135627
2025-11-16 15:25:48.517,1,0,120,0,2.994868,-0.965309,0.016461,-0.023781,0.135934
2025-11-16 15:25:48.769,1,0,125,0,3.404811,-1.002627,0.017617,-0.027596,0.134758
2025-11-16 15:25:49.020,1,0,130,0,3.206248,-0.965402,0.017583,-0.025406,0.135346
2025-11-16 15:25:49.297,1,0,130,0,3.711976,-1.019726,0.018622,-0.030301,0.133783
2025-11-16 15:25:49.534,1,0,135,0,4.142381,-1.043638,0.019857,-0.034112,0.132283
2025-11-16 15:25:49.755,1,0,140,0,4.02689,-1.04098,0.019421,-0.033161,0.132701
2025-11-16 15:25:50.023,1,0,140,0,4.454491,-1.053951,0.020881,-0.036738,0.1311
2025-11-16 15:25:50.270,1,0,145,0,4.842445,-1.064181,0.022158,-0.03993,0.12952
2025-11-16 15:25:50.542,1,0,145,0,4.851582,-1.067521,0.022063,-0.040073,0.129481
2025-11-16 15:25:50.795,1,0,150,0,5.196596,-1.080047,0.022961,-0.04297,0.127973
2025-11-16 15:25:51.047,1,0,155,0,5.122381,-1.065825,0.023262,-0.042083,0.128305
2025-11-16 15:25:51.299,1,0,155,0,5.565692,-1.086258,0.024147,-0.045872,0.126257
2025-11-16 15:25:51.513,1,0,160,0,6.170586,-1.097606,0.025887,-0.050562,0.123225
2025-11-16 15:25:51.765,1,0,165,0,5.798599,-1.085794,0.02507,-0.047572,0.125122
2025-11-16 15:25:52.018,1,0,165,0,6.482669,-1.099885,0.026899,-0.052834,0.121557
2025-11-16 15:25:52.270,1,0,170,0,7.074161,-1.107525,0.02853,-0.057113,0.11821
2025-11-16 15:25:52.522,1,0,170,0,7.005533,-1.10371,0.028514,-0.056541,0.11861
2025-11-16 15:25:52.782,1,0,175,0,7.65463,-1.10955,0.030311,-0.060988,0.114701
2025-11-16 15:25:53.034,2,0,0,0,7.858796,-1.127592,0.029827,-0.062834,0.113416
2025-11-16 15:25:53.295,2,0,0,0,0.930976,0.53121,0.007855,0.004615,0.139604
2025-11-16 15:25:53.548,2,0,0,0,2.201863,1.301265,0.005701,0.020635,0.137793
2025-11-16 15:25:53.800,2,0,0,5,2.11255,1.290629,0.005683,0.019751,0.137968
2025-11-16 15:25:54.053,2,0,0,5,2.234656,1.314049,0.005516,0.02101,0.137727
2025-11-16 15:25:54.305,2,0,0,10,2.25578,1.325427,0.005326,0.021267,0.137684
2025-11-16 15:25:54.578,2,0,0,10,2.297282,1.327285,0.005382,0.021661,0.137599
2025-11-16 15:25:54.827,2,0,0,15,2.342202,1.331553,0.005391,0.022101,0.137505
2025-11-16 15:25:55.075,2,0,0,20,2.324377,1.336194,0.005249,0.02196,0.137542
2025-11-16 15:25:55.324,2,0,0,20,2.365763,1.331972,0.005435,0.022321,0.137454
2025-11-16 15:25:55.574,2,0,0,25,2.379794,1.333374,0.005435,0.022459,0.137424
2025-11-16 15:25:55.835,2,0,0,30,2.386968,1.335273,0.005408,0.022536,0.137409
2025-11-16 15:25:56.086,2,0,0,30,2.425508,1.324098,0.005749,0.02283,0.137325
2025-11-16 15:25:56.290,2,0,0,35,2.468064,1.317577,0.005999,0.023184,0.137231
2025-11-16 15:25:56.542,2,0,0,35,2.478667,1.322031,0.005921,0.023308,0.137207
2025-11-16 15:25:56.794,2,0,0,40,2.565564,1.291136,0.006866,0.023907,0.137009
2025-11-16 15:25:57.046,2,0,0,45,2.485989,1.317902,0.006034,0.023351,0.137191
2025-11-16 15:25:57.361,2,0,0,45,2.730263,1.26623,0.007927,0.025216,0.136616
2025-11-16 15:25:57.550,2,0,0,50,3.014146,1.212964,0.010193,0.027259,0.135882
2025-11-16 15:25:57.834,2,0,0,55,2.884405,1.240684,0.009039,0.026379,0.136226
2025-11-16 15:25:58.086,2,0,0,55,3.220102,1.186584,0.01163,0.028764,0.135306
2025-11-16 15:25:58.338,2,0,0,60,3.560194,1.137676,0.014343,0.031018,0.134275
2025-11-16 15:25:58.591,2,0,0,60,3.429702,1.156605,0.013269,0.030182,0.134682
2025-11-16 15:25:58.843,2,0,0,65,3.79637,1.113897,0.016031,0.03261,0.133501
2025-11-16 15:25:59.076,2,0,0,70,3.715554,1.118428,0.01556,0.032018,0.133771
2025-11-16 15:25:59.325,2,0,0,70,4.038173,1.088837,0.01786,0.034142,0.132661
2025-11-16 15:25:59.600,2,0,0,75,4.482335,1.048471,0.021205,0.036837,0.130991
2025-11-16 15:25:59.833,2,0,0,80,4.124753,1.076926,0.018635,0.034614,0.132348
2025-11-16 15:26:00.089,2,0,0,80,4.748924,1.025943,0.023246,0.038356,0.129912
2025-11-16 15:26:00.322,2,0,0,85,5.299114,0.996088,0.026958,0.041626,0.127507
2025-11-16 15:26:00.572,2,0,0,85,5.124761,0.981164,0.026749,0.039982,0.128294
2025-11-16 15:26:00.825,2,0,0,90,5.582503,0.968335,0.029456,0.042828,0.126177
2025-11-16 15:26:01.075,2,0,0,95,5.34568,0.971761,0.028185,0.041284,0.127292
2025-11-16 15:26:01.325,2,0,0,95,5.898591,0.949118,0.031796,0.04438,0.124622
2025-11-16 15:26:01.567,2,0,0,100,6.391376,0.923539,0.035316,0.046721,0.122052
2025-11-16 15:26:01.819,2,0,0,105,6.236863,0.929541,0.034298,0.045945,0.122876
2025-11-16 15:26:02.067,2,0,0,105,6.667379,0.907393,0.037399,0.047851,0.120537
2025-11-16 15:26:02.319,2,0,0,110,7.118609,0.884514,0.040666,0.049647,0.117949
2025-11-16 15:26:02.571,2,0,0,110,7.011498,0.880871,0.040333,0.048876,0.118576
2025-11-16 15:26:02.833,2,0,0,115,7.506038,0.870404,0.043205,0.051254,0.115619
2025-11-16 15:26:03.115,2,0,0,120,7.215521,0.868071,0.041945,0.049524,0.117375
2025-11-16 15:26:03.367,2,0,0,120,7.868019,0.848203,0.046041,0.052221,0.113357
2025-11-16 15:26:03.616,2,0,0,125,8.360283,0.83057,0.049231,0.053893,0.110154
2025-11-16 15:26:03.861,2,0,0,130,8.213149,0.833566,0.048403,0.053306,0.111127
2025-11-16 15:26:04.100,2,0,0,130,8.614359,0.817206,0.051095,0.054453,0.108447
2025-11-16 15:26:04.345,2,0,0,135,9.065904,0.798846,0.054088,0.055562,0.105326
2025-11-16 15:26:04.598,2,0,0,135,9.103389,0.795538,0.054433,0.055548,0.105062
2025-11-16 15:26:04.858,2,0,0,140,9.463161,0.780101,0.056827,0.056228,0.102493
2025-11-16 15:26:05.110,2,0,0,145,9.522793,0.772019,0.057531,0.056012,0.102061
2025-11-16 15:26:05.389,2,0,0,145,9.871288,0.763089,0.059471,0.056875,0.099503
2025-11-16 15:26:05.584,2,0,0,150,10.0,0.746781,0.060914,0.056382,0.098545
2025-11-16 15:26:05.874,2,0,0,155,10.0,0.745522,0.060985,0.056306,0.098545
2025-11-16 15:26:06.098,2,0,0,155,10.0,0.72789,0.061969,0.055222,0.098545
2025-11-16 15:26:06.350,2,0,0,160,10.0,0.709757,0.06296,0.054089,0.098545
2025-11-16 15:26:06.603,2,0,0,160,10.0,0.705152,0.063208,0.053799,0.098545
2025-11-16 15:26:06.855,2,0,0,165,10.0,0.679908,0.064546,0.052186,0.098545
2025-11-16 15:26:07.107,2,0,0,170,10.0,0.672441,0.064934,0.051703,0.098545
2025-11-16 15:26:07.359,2,0,0,170,10.0,0.661969,0.065472,0.05102,0.098545
2025-11-16 15:26:07.624,2,0,0,175,10.0,0.641403,0.066507,0.049663,0.098545
2025-11-16 15:26:07.876,3,0,0,0,10.0,0.63907,0.066623,0.049507,0.098545
2025-11-16 15:26:08.101,3,0,0,0,6.597389,0.90554,0.037151,0.047352,0.120926
2025-11-16 15:26:08.381,3,0,0,0,3.92532,1.118952,0.016378,0.033745,0.133059
2025-11-16 15:26:08.633,3,0,0,0,3.835892,1.134649,0.015503,0.033262,0.133367
2025-11-16 15:26:08.886,3,5,5,5,3.876315,1.244197,0.011891,0.035105,0.133229
2025-11-16 15:26:09.138,3,10,10,10,3.663583,1.14435,0.014528,0.031977,0.133942
2025-11-16 15:26:09.390,3,10,10,10,3.798111,1.159251,0.014542,0.033317,0.133495
2025-11-16 15:26:09.642,3,15,15,15,3.814686,1.163696,0.014454,0.03352,0.133439
2025-11-16 15:26:09.895,3,20,20,20,3.712112,1.172137,0.013807,0.032778,0.133783
2025-11-16 15:26:10.147,3,20,20,20,3.714107,1.185099,0.013387,0.032971,0.133776
2025-11-16 15:26:10.399,3,25,25,25,3.667381,1.193984,0.012937,0.032691,0.13393
2025-11-16 15:26:10.652,3,25,25,25,3.628052,1.198776,0.012649,0.032417,0.134057
2025-11-16 15:26:10.904,3,30,30,30,3.54849,1.215539,0.011849,0.031939,0.134312
2025-11-16 15:26:11.156,3,35,35,35,3.596013,1.207691,0.012255,0.032253,0.134161
2025-11-16 15:26:11.370,3,35,35,35,3.414876,1.227595,0.011048,0.030918,0.134727
2025-11-16 15:26:11.622,3,40,40,40,3.234467,1.234406,0.010285,0.029413,0.135264
2025-11-16 15:26:11.875,3,45,45,45,3.301696,1.234589,0.010486,0.030005,0.135068
2025-11-16 15:26:12.127,3,45,45,45,3.06905,1.264864,0.00892,0.028242,0.135732
2025-11-16 15:26:12.378,3,50,50,50,2.960121,1.30316,0.007562,0.027578,0.136027
2025-11-16 15:26:12.631,3,50,50,50,3.038985,1.27095,0.008665,0.028027,0.135814
2025-11-16 15:26:12.891,3,55,55,55,2.993101,1.284209,0.008171,0.027727,0.135939
2025-11-16 15:26:13.134,3,60,60,60,2.987424,1.280512,0.008258,0.027645,0.135954
2025-11-16 15:26:13.403,3,60,60,60,2.954357,1.295077,0.00777,0.027464,0.136042
2025-11-16 15:26:13.656,3,65,65,65,3.006132,1.328038,0.006978,0.028177,0.135904
2025-11-16 15:26:13.890,3,70,70,70,2.95596,1.259886,0.008736,0.027188,0.136038
2025-11-16 15:26:14.138,3,70,70,70,3.000377,1.303623,0.007649,0.027946,0.135919
2025-11-16 15:26:14.390,3,75,75,75,3.161553,1.1614,0.012133,0.027962,0.135473
2025-11-16 15:26:14.642,3,75,75,75,2.982641,1.326033,0.006981,0.027949,0.135967
2025-11-16 15:26:14.923,3,80,80,80,3.101813,1.004831,0.016046,0.025257,0.135641
2025-11-16 15:26:15.175,3,85,85,85,3.030521,1.342056,0.006634,0.028494,0.135837
2025-11-16 15:26:15.427,3,85,85,85,3.039107,1.312122,0.007504,0.028361,0.135814
2025-11-16 15:26:15.679,3,90,90,90,3.033695,1.123372,0.01267,0.026403,0.135829
2025-11-16 15:26:15.931,3,95,95,95,3.07481,1.261482,0.009032,0.028263,0.135716
2025-11-16 15:26:16.155,3,95,95,95,3.069417,1.242939,0.009538,0.028043,0.135731
2025-11-16 15:26:16.428,3,100,100,100,3.163008,1.074034,0.014533,0.026808,0.135469
2025-11-16 15:26:16.680,3,100,100,100,3.035843,1.280959,0.008376,0.028084,0.135823
2025-11-16 15:26:16.907,3,105,105,105,3.164643,1.003905,0.016384,0.025737,0.135465
2025-11-16 15:26:17.159,3,110,110,110,2.92656,1.224205,0.009607,0.0266,0.136116
2025-11-16 15:26:17.411,3,110,110,110,3.016819,1.253583,0.009086,0.027675,0.135875
2025-11-16 15:26:17.663,3,115,115,115,3.057715,1.012171,0.015641,0.025025,0.135763
2025-11-16 15:26:17.915,3,120,120,120,2.772326,1.249389,0.008475,0.025456,0.136511
2025-11-16 15:26:18.167,3,120,120,120,3.134773,0.907588,0.018612,0.023823,0.135549
2025-11-16 15:26:18.419,3,125,125,125,2.948126,1.073235,0.013595,0.02503,0.136059
2025-11-16 15:26:18.680,3,125,125,125,2.893085,1.251559,0.008777,0.026554,0.136203
2025-11-16 15:26:18.933,3,130,130,130,3.737449,1.145292,0.014777,0.032607,0.133699
2025-11-16 15:26:19.186,3,135,135,135,3.694875,0.548956,0.030207,0.018477,0.133839
2025-11-16 15:26:19.438,3,135,135,135,5.700726,0.214134,0.051754,0.011255,0.125604
2025-11-16 15:26:19.690,3,140,140,140,6.583929,0.092321,0.059826,0.005539,0.121001
2025-11-16 15:26:19.943,3,145,145,145,6.095201,0.149095,0.055572,0.008347,0.123617
2025-11-16 15:26:20.195,3,145,145,145,3.032283,1.205263,0.010463,0.027339,0.135833
2025-11-16 15:26:20.447,3,150,150,150,3.157796,1.105252,0.013667,0.027206,0.135484
2025-11-16 15:26:20.699,3,150,150,150,3.151808,0.751173,0.022212,0.020741,0.135501
2025-11-16 15:26:20.951,3,155,155,155,3.685634,1.074517,0.01682,0.031063,0.13387
2025-11-16 15:26:21.221,3,160,160,160,2.866288,0.912848,0.016947,0.021929,0.136273
2025-11-16 15:26:21.428,3,160,160,160,4.274773,0.459983,0.036431,0.018049,0.131791
2025-11-16 15:26:21.688,3,165,165,165,6.719621,0.250653,0.059226,0.015164,0.120245
2025-11-16 15:26:21.938,3,170,170,170,8.272372,-0.006402,0.072402,-0.000464,0.110737
2025-11-16 15:26:22.189,3,170,170,170,9.148088,-0.005582,0.078046,-0.000436,0.104746
2025-11-16 15:26:22.450,3,175,175,175,9.640735,-0.043615,0.080903,-0.003531,0.101202
2025-11-16 15:26:22.702,3,175,175,175,6.458542,0.553922,0.05026,0.031087,0.121688
2025-11-16 15:26:22.955,4,0,0,0,3.920955,1.905918,-0.012323,0.035386,0.133074
2025-11-16 15:26:23.207,0,0,0,0,3.998494,0.825767,0.025881,0.028059,0.132802
2025-11-16 15:26:23.475,0,0,0,0,3.370217,1.154429,0.013112,0.02965,0.134863
2025-11-16 15:26:23.727,0,0,0,0,3.330302,1.216236,0.011127,0.030056,0.134983
2025-11-16 15:26:23.940,0,5,0,0,3.271513,1.23582,0.010357,0.029753,0.135156
2025-11-16 15:26:24.236,0,5,0,0,3.239253,1.182328,0.011819,0.028879,0.13525
2025-11-16 15:26:24.480,0,10,0,0,3.200514,1.150346,0.01259,0.028157,0.135362
2025-11-16 15:26:24.730,0,10,0,0,3.161521,1.174513,0.011765,0.028118,0.135473
2025-11-16 15:26:24.979,0,15,0,0,3.138431,1.159191,0.012108,0.027737,0.135539
2025-11-16 15:26:25.231,0,20,0,0,3.109959,1.169598,0.011715,0.027617,0.135618
2025-11-16 15:26:25.483,0,20,0,0,3.09286,1.160387,0.011905,0.027361,0.135666
2025-11-16 15:26:25.724,0,25,0,0,3.073904,1.167095,0.011652,0.027278,0.135719
2025-11-16 15:26:25.987,0,30,0,0,3.059938,1.170393,0.011511,0.027196,0.135757
2025-11-16 15:26:26.201,0,30,0,0,3.037982,1.182666,0.011099,0.027145,0.135817
2025-11-16 15:26:26.453,0,35,0,0,3.016411,1.215788,0.010123,0.027308,0.135876
2025-11-16 15:26:26.705,0,35,0,0,3.011456,1.204895,0.010404,0.027153,0.135889
2025-11-16 15:26:26.957,0,40,0,0,2.98441,1.24969,0.009097,0.027351,0.135962
2025-11-16 15:26:27.232,0,45,0,0,2.981723,1.201314,0.0104,0.026855,0.135969
2025-11-16 15:26:27.493,0,45,0,0,2.931532,1.276489,0.008217,0.02711,0.136103
2025-11-16 15:26:27.745,0,50,0,0,2.945234,1.383808,0.00529,0.027961,0.136067
2025-11-16 15:26:27.984,0,55,0,0,2.926732,1.314675,0.007165,0.02736,0.136115
2025-11-16 15:26:28.254,0,55,0,0,2.952396,1.44898,0.003466,0.028313,0.136048
2025-11-16 15:26:28.461,0,60,0,0,3.058136,1.601357,-0.000902,0.029501,0.135762
2025-11-16 15:26:28.715,0,60,0,0,2.96526,1.536583,0.00098,0.028628,0.136013
2025-11-16 15:26:28.977,0,65,0,0,3.054237,1.667818,-0.002856,0.02934,0.135773
2025-11-16 15:26:29.229,0,70,0,0,3.000987,1.552216,0.000538,0.028975,0.135917
2025-11-16 15:26:29.482,0,70,0,0,3.14646,1.76684,-0.00591,0.029759,0.135516
2025-11-16 15:26:29.734,0,75,0,0,3.39067,1.896744,-0.010442,0.030892,0.134801
2025-11-16 15:26:29.986,0,80,0,0,3.255843,1.844077,-0.008463,0.030195,0.135202
2025-11-16 15:26:30.239,0,80,0,0,3.517033,1.97492,-0.013281,0.031055,0.134411
2025-11-16 15:26:30.501,0,85,0,0,3.760402,2.083358,-0.017659,0.031381,0.133622
2025-11-16 15:26:30.733,0,85,0,0,3.734123,2.058679,-0.016767,0.031595,0.13371
2025-11-16 15:26:30.985,0,90,0,0,4.106112,2.16421,-0.021889,0.032452,0.132416
2025-11-16 15:26:31.247,0,95,0,0,3.907478,2.078808,-0.018167,0.032631,0.133121
2025-11-16 15:26:31.511,0,95,0,0,4.351045,2.224788,-0.025148,0.032808,0.131501
2025-11-16 15:26:31.762,0,100,0,0,4.784747,2.311475,-0.030476,0.033331,0.129762
2025-11-16 15:26:32.010,0,105,0,0,4.537868,2.269379,-0.027652,0.032924,0.130771
2025-11-16 15:26:32.248,0,105,0,0,4.984258,2.343262,-0.032729,0.033586,0.128912
2025-11-16 15:26:32.511,0,110,0,0,5.470244,2.41293,-0.038078,0.033985,0.126711
2025-11-16 15:26:32.758,0,110,0,0,5.337276,2.389254,-0.036444,0.03411,0.127331
2025-11-16 15:26:32.988,0,115,0,0,5.830751,2.447085,-0.041521,0.034585,0.124962
2025-11-16 15:26:33.240,0,120,0,0,5.893089,2.428261,-0.04125,0.035695,0.124649
2025-11-16 15:26:33.493,0,120,0,0,6.172532,2.480443,-0.044846,0.034888,0.123215
2025-11-16 15:26:33.740,0,125,0,0,6.715857,2.523116,-0.049788,0.03543,0.120266
2025-11-16 15:26:33.990,0,130,0,0,6.284627,2.492598,-0.045983,0.034883,0.122623
2025-11-16 15:26:34.239,0,130,0,0,7.011885,2.539422,-0.052226,0.035896,0.118573
2025-11-16 15:26:34.499,0,135,0,0,7.576391,2.5731,-0.05692,0.036363,0.115186
2025-11-16 15:26:34.738,0,135,0,0,7.447054,2.569816,-0.056011,0.036042,0.11598
2025-11-16 15:26:34.991,0,140,0,0,8.008449,2.600888,-0.060527,0.03634,0.112458
2025-11-16 15:26:35.271,0,145,0,0,7.83033,2.578299,-0.058639,0.037033,0.113597
2025-11-16 15:26:35.524,0,145,0,0,8.318534,2.614658,-0.062851,0.036567,0.110432
2025-11-16 15:26:35.749,0,150,0,0,8.813696,2.639054,-0.066565,0.036585,0.107082
2025-11-16 15:26:36.027,0,155,0,0,8.67942,2.631974,-0.065552,0.036634,0.108004
2025-11-16 15:26:36.279,0,155,0,0,9.234018,2.656321,-0.069501,0.03665,0.104136
2025-11-16 15:26:36.531,0,160,0,0,9.791941,2.677272,-0.073178,0.036651,0.100091
2025-11-16 15:26:36.783,0,160,0,0,9.839333,2.677967,-0.073443,0.036719,0.09974
2025-11-16 15:26:37.036,0,165,0,0,10.0,2.702849,-0.075142,0.03526,0.098545
2025-11-16 15:26:37.261,0,170,0,0,10.0,2.702381,-0.075125,0.035295,0.098545
2025-11-16 15:26:37.524,0,170,0,0,10.0,2.721816,-0.075797,0.033829,0.098545
2025-11-16 15:26:37.777,0,175,0,0,10.0,2.747818,-0.076651,0.031846,0.098545
2025-11-16 15:26:38.029,1,0,0,0,10.0,2.745747,-0.076585,0.032005,0.098545
2025-11-16 15:26:38.281,1,0,0,0,4.980553,2.345467,-0.03278,0.033491,0.128928
2025-11-16 15:26:38.534,1,0,0,0,2.82788,1.653863,-0.00227,0.027259,0.136371
2025-11-16 15:26:38.787,1,0,0,0,2.795385,1.681189,-0.00298,0.026882,0.136454
2025-11-16 15:26:39.038,1,0,5,0,2.996138,1.626849,-0.001621,0.028889,0.135931
2025-11-16 15:26:39.291,1,0,10,0,2.821978,1.589007,-0.000497,0.027293,0.136386
2025-11-16 15:26:39.543,1,0,10,0,3.059784,1.57142,-1.8e-05,0.02953,0.135757
2025-11-16 15:26:39.795,1,0,15,0,3.128699,1.554288,0.000498,0.03017,0.135566
2025-11-16 15:26:40.047,1,0,20,0,3.081271,1.540024,0.000915,0.029717,0.135698
2025-11-16 15:26:40.280,1,0,20,0,3.13651,1.533874,0.001117,0.030226,0.135544
2025-11-16 15:26:40.553,1,0,25,0,3.117762,1.524186,0.001401,0.030039,0.135597
2025-11-16 15:26:40.801,1,0,25,0,3.124532,1.522586,0.001452,0.0301,0.135578
2025-11-16 15:26:41.038,1,0,30,0,3.066402,1.512345,0.001729,0.029542,0.135739
2025-11-16 15:26:41.300,1,0,35,0,3.169368,1.524285,0.001421,0.030521,0.135451
2025-11-16 15:26:41.553,1,0,35,0,2.965476,1.490373,0.002301,0.028554,0.136013
2025-11-16 15:26:41.805,1,0,40,0,2.767764,1.46031,0.002954,0.026623,0.136523
2025-11-16 15:26:42.057,1,0,45,0,2.85429,1.476632,0.002595,0.02748,0.136304
2025-11-16 15:26:42.309,1,0,45,0,2.62476,1.441902,0.003269,0.025224,0.13687
2025-11-16 15:26:42.589,1,0,50,0,2.314385,1.389935,0.004044,0.022117,0.137563
2025-11-16 15:26:42.793,1,0,50,0,2.433816,1.415868,0.003645,0.023339,0.137307
2025-11-16 15:26:43.056,1,0,55,0,2.153035,1.364876,0.004282,0.020498,0.13789
2025-11-16 15:26:43.308,1,0,60,0,2.385053,1.389336,0.004179,0.022777,0.137413
2025-11-16 15:26:43.561,1,0,60,0,1.883472,1.298838,0.004929,0.017677,0.138383
2025-11-16 15:26:43.813,1,0,65,0,1.604793,1.169889,0.006112,0.014419,0.138825
2025-11-16 15:26:44.066,1,0,70,0,1.736851,1.254818,0.005263,0.016099,0.138624
2025-11-16 15:26:44.318,1,0,70,0,1.420648,1.075625,0.006594,0.01221,0.139079
2025-11-16 15:26:44.580,1,0,75,0,1.014671,0.738704,0.007339,0.006684,0.13953
2025-11-16 15:26:44.841,1,0,75,0,1.181584,0.867285,0.007474,0.00881,0.139362
2025-11-16 15:26:45.053,1,0,80,0,1.003459,0.499235,0.00862,0.0047,0.13954
2025-11-16 15:26:45.305,1,0,85,0,1.10762,0.569238,0.009125,0.005839,0.13944
2025-11-16 15:26:45.557,1,0,85,0,0.957166,0.220706,0.009139,0.00205,0.139581
2025-11-16 15:26:45.810,1,0,90,0,1.165545,-0.332714,0.010772,-0.003722,0.13938
2025-11-16 15:26:46.074,1,0,95,0,0.977546,0.000758,0.009565,7e-06,0.139563
2025-11-16 15:26:46.326,1,0,95,0,1.279075,-0.437219,0.011326,-0.005293,0.139253
2025-11-16 15:26:46.578,1,0,100,0,1.673433,-0.701074,0.012475,-0.01053,0.138723
2025-11-16 15:26:46.831,1,0,100,0,1.558339,-0.618062,0.012397,-0.008814,0.138892
2025-11-16 15:26:47.083,1,0,105,0,1.952389,-0.760542,0.013775,-0.013107,0.138263
2025-11-16 15:26:47.335,1,0,110,0,1.629958,-0.612339,0.013015,-0.009142,0.138788
2025-11-16 15:26:47.588,1,0,110,0,2.207547,-0.838676,0.014346,-0.015963,0.137782
2025-11-16 15:26:47.840,1,0,115,0,2.720788,-0.933496,0.015675,-0.021172,0.136639
2025-11-16 15:26:48.092,1,0,120,0,2.553067,-0.903932,0.015311,-0.019451,0.137038
2025-11-16 15:26:48.344,1,0,120,0,3.028198,-0.962494,0.016707,-0.02399,0.135844
2025-11-16 15:26:48.596,1,0,125,0,3.43578,-0.994197,0.018005,-0.027687,0.134663
2025-11-16 15:26:48.849,1,0,125,0,3.338424,-0.987576,0.017692,-0.026815,0.134958
2025-11-16 15:26:49.101,1,0,130,0,3.747725,-1.021082,0.018752,-0.030605,0.133664
2025-11-16 15:26:49.353,1,0,135,0,3.805974,-1.013891,0.019253,-0.03092,0.133469
2025-11-16 15:26:49.606,1,0,135,0,4.056166,-1.035826,0.019727,-0.033288,0.132596
2025-11-16 15:26:49.858,1,0,140,0,4.525434,-1.056856,0.021083,-0.037345,0.13082
2025-11-16 15:26:50.110,1,0,145,0,4.201758,-1.039902,0.020254,-0.034497,0.132064
2025-11-16 15:26:50.363,1,0,145,0,4.845106,-1.064346,0.022163,-0.039954,0.129508
2025-11-16 15:26:50.615,1,0,150,0,5.273414,-1.078532,0.023335,-0.043512,0.127624
2025-11-16 15:26:50.875,1,0,150,0,5.146215,-1.073048,0.023055,-0.042429,0.128199
2025-11-16 15:26:51.086,1,0,155,0,5.619346,-1.084974,0.024415,-0.046237,0.125999
2025-11-16 15:26:51.339,1,0,160,0,5.56386,-1.073429,0.024726,-0.045545,0.126266
2025-11-16 15:26:51.618,1,0,160,0,6.024765,-1.090156,0.025718,-0.049322,0.12398
2025-11-16 15:26:51.848,1,0,165,0,6.608472,-1.100465,0.027315,-0.053729,0.120865
2025-11-16 15:26:52.100,1,0,170,0,6.429134,-1.093874,0.027022,-0.052296,0.121848
2025-11-16 15:26:52.352,1,0,170,0,7.055445,-1.101526,0.028808,-0.056815,0.118319
2025-11-16 15:26:52.605,1,0,175,0,7.514073,-1.102472,0.030285,-0.059868,0.11557
2025-11-16 15:26:52.856,1,0,175,0,7.568612,-1.102583,0.030456,-0.060224,0.115234
2025-11-16 15:26:53.133,2,0,0,0,3.685738,-1.032871,0.018099,-0.030337,0.133869
2025-11-16 15:26:53.386,2,0,0,0,1.944131,1.316958,0.004755,0.018328,0.138278
2025-11-16 15:26:53.638,2,0,0,0,2.069681,1.288732,0.005606,0.019345,0.138049
2025-11-16 15:26:53.847,2,0,0,5,2.181043,1.299632,0.005681,0.020434,0.137835
2025-11-16 15:26:54.100,2,0,0,10,2.269513,1.305442,0.005784,0.021283,0.137656
2025-11-16 15:26:54.352,2,0,0,10,2.296065,1.312016,0.005709,0.021566,0.137601
2025-11-16 15:26:54.604,2,0,0,15,2.339649,1.313083,0.005792,0.021974,0.13751
2025-11-16 15:26:54.856,2,0,0,15,2.347903,1.328887,0.005463,0.022139,0.137492
2025-11-16 15:26:55.108,2,0,0,20,2.390167,1.320281,0.005753,0.022482,0.137402
2025-11-16 15:26:55.361,2,0,0,25,2.386293,1.325542,0.005626,0.022476,0.13741
2025-11-16 15:26:55.613,2,0,0,25,2.405477,1.323799,0.005709,0.022643,0.137369
2025-11-16 15:26:55.865,2,0,0,30,2.48657,1.30739,0.006281,0.023291,0.137189
2025-11-16 15:26:56.117,2,0,0,35,2.472458,1.314489,0.006081,0.023205,0.137221
2025-11-16 15:26:56.370,2,0,0,35,2.492959,1.30903,0.006259,0.02336,0.137175
2025-11-16 15:26:56.623,2,0,0,40,2.595211,1.287962,0.00702,0.024155,0.13694
2025-11-16 15:26:56.875,2,0,0,40,2.577383,1.291528,0.006887,0.024018,0.136982
2025-11-16 15:26:57.127,2,0,0,45,2.753455,1.256356,0.008243,0.025345,0.136558
2025-11-16 15:26:57.380,2,0,0,50,2.598712,1.286672,0.007061,0.024178,0.136932
2025-11-16 15:26:57.632,2,0,0,50,2.897864,1.227905,0.009418,0.026381,0.136191
2025-11-16 15:26:57.884,2,0,0,55,3.2683,1.165475,0.012411,0.028924,0.135166
2025-11-16 15:26:58.157,2,0,0,60,3.087557,1.198954,0.010824,0.027754,0.135681
2025-11-16 15:26:58.409,2,0,0,60,3.441443,1.137857,0.013878,0.030027,0.134646
2025-11-16 15:26:58.661,2,0,0,65,3.915446,1.079796,0.017644,0.032999,0.133093
2025-11-16 15:26:58.914,2,0,0,65,3.752626,1.113278,0.015874,0.032241,0.133648
2025-11-16 15:26:59.167,2,0,0,70,4.069326,1.082063,0.018223,0.034269,0.132549
2025-11-16 15:26:59.419,2,0,0,75,4.019155,1.08286,0.017983,0.033883,0.132728
2025-11-16 15:26:59.629,2,0,0,75,4.352273,1.05567,0.02037,0.035983,0.131496
2025-11-16 15:26:59.882,2,0,0,80,4.87165,1.015443,0.024211,0.039019,0.129396
2025-11-16 15:27:00.133,2,0,0,85,4.710456,1.026729,0.023041,0.038086,0.130071
2025-11-16 15:27:00.386,2,0,0,85,5.257391,0.988261,0.027088,0.041117,0.127697
2025-11-16 15:27:00.638,2,0,0,90,5.63515,0.963026,0.029933,0.043032,0.125923
2025-11-16 15:27:00.891,2,0,0,90,5.454753,0.972618,0.028669,0.042069,0.126784
2025-11-16 15:27:01.143,2,0,0,95,5.912853,0.947068,0.031955,0.04441,0.12455
2025-11-16 15:27:01.396,2,0,0,100,5.857178,0.943319,0.031853,0.04392,0.12483
2025-11-16 15:27:01.648,2,0,0,100,6.207054,0.928664,0.034195,0.045724,0.123034
2025-11-16 15:27:01.900,2,0,0,105,6.753252,0.902025,0.038067,0.048171,0.120055
2025-11-16 15:27:02.153,2,0,0,110,6.441701,0.912318,0.036081,0.046636,0.12178
2025-11-16 15:27:02.406,2,0,0,110,7.040096,0.888558,0.040093,0.049353,0.118409
2025-11-16 15:27:02.658,2,0,0,115,7.557684,0.867574,0.043591,0.051416,0.115302
2025-11-16 15:27:02.910,2,0,0,115,7.456307,0.868159,0.043086,0.050881,0.115924
2025-11-16 15:27:03.163,2,0,0,120,7.915773,0.846272,0.046364,0.052382,0.113053
2025-11-16 15:27:03.415,2,0,0,125,7.685636,0.849238,0.045134,0.051299,0.114507
2025-11-16 15:27:03.667,2,0,0,125,8.231724,0.833346,0.048499,0.053388,0.111005
2025-11-16 15:27:03.919,2,0,0,130,8.686125,0.814465,0.051564,0.054652,0.107958
2025-11-16 15:27:04.172,2,0,0,135,8.301185,0.820297,0.049512,0.053094,0.110546
2025-11-16 15:27:04.425,2,0,0,135,9.085302,0.796302,0.054313,0.05551,0.105189
2025-11-16 15:27:04.677,2,0,0,140,9.536326,0.780797,0.057093,0.05657,0.101963
2025-11-16 15:27:04.929,2,0,0,145,9.460776,0.781201,0.056755,0.056281,0.10251
2025-11-16 15:27:05.181,2,0,0,145,9.887924,0.763899,0.059492,0.056987,0.09938
2025-11-16 15:27:05.434,2,0,0,150,10.0,0.753317,0.060545,0.056779,0.098545
2025-11-16 15:27:05.687,2,0,0,150,10.0,0.745869,0.060966,0.056327,0.098545
2025-11-16 15:27:05.939,2,0,0,155,10.0,0.729212,0.061896,0.055304,0.098545
2025-11-16 15:27:06.192,2,0,0,160,10.0,0.725605,0.062095,0.05508,0.098545
2025-11-16 15:27:06.444,2,0,0,160,10.0,0.70644,0.063139,0.05388,0.098545
2025-11-16 15:27:06.696,2,0,0,165,10.0,0.688686,0.064085,0.05275,0.098545
2025-11-16 15:27:06.948,2,0,0,170,10.0,0.683279,0.06437,0.052403,0.098545
2025-11-16 15:27:07.201,2,0,0,170,10.0,0.662977,0.06542,0.051086,0.098545
2025-11-16 15:27:07.453,2,0,0,175,10.0,0.646274,0.066264,0.049986,0.098545
2025-11-16 15:27:07.705,2,0,0,175,10.0,0.639503,0.066601,0.049536,0.098545
2025-11-16 15:27:07.957,3,0,0,0,8.903517,0.799484,0.053345,0.054869,0.10646
2025-11-16 15:27:08.210,3,0,0,0,4.110854,1.08915,0.018153,0.034728,0.132398
2025-11-16 15:27:08.462,3,0,0,0,3.945959,1.115591,0.016573,0.033858,0.132987
2025-11-16 15:27:08.714,3,5,5,5,4.134944,1.107169,0.017621,0.035244,0.132311
2025-11-16 15:27:08.966,3,10,10,10,3.772645,1.14446,0.014937,0.032887,0.133581
2025-11-16 15:27:09.219,3,10,10,10,3.788812,1.160651,0.014462,0.03326,0.133527
2025-11-16 15:27:09.471,3,15,15,15,3.751968,1.174459,0.013871,0.033146,0.13365
2025-11-16 15:27:09.724,3,15,15,15,3.71221,1.176149,0.013675,0.032834,0.133782
2025-11-16 15:27:09.976,3,20,20,20,3.702158,1.185104,0.013346,0.03287,0.133815
2025-11-16 15:27:10.229,3,25,25,25,3.669531,1.188786,0.013114,0.032642,0.133923
2025-11-16 15:27:10.481,3,25,25,25,3.61872,1.199539,0.012593,0.032347,0.134088
2025-11-16 15:27:10.733,3,30,30,30,3.476065,1.22138,0.011434,0.03138,0.134539
2025-11-16 15:27:10.986,3,35,35,35,3.515771,1.216429,0.011716,0.031667,0.134415
2025-11-16 15:27:11.238,3,35,35,35,3.437281,1.222513,0.011276,0.031057,0.134659
2025-11-16 15:27:11.491,3,40,40,40,3.330204,1.196964,0.011704,0.029836,0.134983
2025-11-16 15:27:11.744,3,40,40,40,3.212011,1.243909,0.009938,0.029312,0.135329
2025-11-16 15:27:11.996,3,45,45,45,3.07537,1.265186,0.008929,0.028301,0.135715
2025-11-16 15:27:12.247,3,50,50,50,3.103567,1.238756,0.009759,0.028304,0.135636
2025-11-16 15:27:12.500,3,50,50,50,2.986954,1.288334,0.008041,0.027705,0.135955
2025-11-16 15:27:12.752,3,55,55,55,3.005056,1.267716,0.008661,0.027695,0.135907
2025-11-16 15:27:13.005,3,60,60,60,2.992865,1.280777,0.008266,0.027696,0.135939
2025-11-16 15:27:13.257,3,60,60,60,2.909664,1.293556,0.007697,0.027049,0.13616
2025-11-16 15:27:13.509,3,65,65,65,3.012206,1.292519,0.00799,0.027966,0.135887
2025-11-16 15:27:13.762,3,65,65,65,2.992429,1.297029,0.007813,0.027823,0.135941
2025-11-16 15:27:14.014,3,70,70,70,2.956617,1.270336,0.008454,0.027284,0.136036
2025-11-16 15:27:14.266,3,75,75,75,2.929665,1.290669,0.007827,0.027207,0.136108
2025-11-16 15:27:14.518,3,75,75,75,2.975438,1.288107,0.008017,0.027599,0.135986
2025-11-16 15:27:14.771,3,80,80,80,3.074597,1.127039,0.012738,0.026795,0.135717
2025-11-16 15:27:15.023,3,85,85,85,3.038524,1.250332,0.00924,0.027838,0.135816
2025-11-16 15:27:15.275,3,85,85,85,3.004633,1.284264,0.0082,0.027831,0.135908
2025-11-16 15:27:15.528,3,90,90,90,3.198833,1.134583,0.013025,0.027941,0.135367
2025-11-16 15:27:15.780,3,90,90,90,2.987644,1.284168,0.008158,0.027677,0.135953
2025-11-16 15:27:16.032,3,95,95,95,3.219592,0.957675,0.01785,0.025371,0.135307
2025-11-16 15:27:16.285,3,100,100,100,3.019239,1.281087,0.008328,0.027936,0.135868
2025-11-16 15:27:16.538,3,100,100,100,2.954444,1.292007,0.007855,0.027441,0.136042
2025-11-16 15:27:16.790,3,105,105,105,3.109197,1.071427,0.014362,0.02633,0.135621
2025-11-16 15:27:17.043,3,110,110,110,3.067305,1.260182,0.009047,0.028184,0.135737
2025-11-16 15:27:17.295,3,110,110,110,2.972726,1.126773,0.012335,0.02593,0.135993
2025-11-16 15:27:17.547,3,115,115,115,3.381215,1.27935,0.009345,0.03115,0.13483
2025-11-16 15:27:17.800,3,115,115,115,2.919652,1.180433,0.010737,0.026094,0.136134
2025-11-16 15:27:18.052,3,120,120,120,3.196098,0.858595,0.02013,0.023315,0.135375
2025-11-16 15:27:18.304,3,125,125,125,2.73031,1.302059,0.007018,0.025484,0.136616
2025-11-16 15:27:18.556,3,125,125,125,2.873038,1.279093,0.007989,0.026605,0.136255
2025-11-16 15:27:18.809,3,130,130,130,2.92902,1.055986,0.013936,0.024636,0.136109
2025-11-16 15:27:19.022,3,135,135,135,2.830572,1.222976,0.009332,0.025739,0.136364
2025-11-16 15:27:19.275,3,135,135,135,2.870352,1.125104,0.011964,0.025042,0.136262
2025-11-16 15:27:19.527,3,140,140,140,3.287228,1.156455,0.012742,0.028972,0.13511
2025-11-16 15:27:19.780,3,140,140,140,3.261984,0.683935,0.02435,0.01985,0.135184
2025-11-16 15:27:20.032,3,145,145,145,5.450062,0.377354,0.04729,0.018743,0.126806
2025-11-16 15:27:20.285,3,150,150,150,6.759848,0.099982,0.061141,0.006133,0.120018
2025-11-16 15:27:20.537,3,150,150,150,5.343706,0.232485,0.048627,0.011513,0.127301
2025-11-16 15:27:20.789,3,155,155,155,3.250219,1.411178,0.004976,0.030908,0.135219
2025-11-16 15:27:21.041,3,160,160,160,2.727972,1.137968,0.011078,0.023975,0.136621
2025-11-16 15:27:21.294,3,160,160,160,3.483528,0.741274,0.024686,0.022598,0.134516
2025-11-16 15:27:21.546,3,165,165,165,5.493284,0.364709,0.047863,0.018274,0.126602
2025-11-16 15:27:21.798,3,165,165,165,7.733767,0.029105,0.068641,0.001998,0.114206
2025-11-16 15:27:22.051,3,170,170,170,9.134117,0.121138,0.077391,0.009421,0.104845
2025-11-16 15:27:22.304,3,175,175,175,9.270409,-0.120108,0.078225,-0.009441,0.103877
2025-11-16 15:27:22.556,3,175,175,175,9.731719,0.070031,0.081302,0.005703,0.100534
2025-11-16 15:27:22.808,4,0,0,0,8.253969,0.068179,0.072111,0.004924,0.110858
2025-11-16 15:27:23.061,0,0,0,0,3.253778,-0.642856,0.025084,-0.018787,0.135208
2025-11-16 15:27:23.313,0,0,0,0,3.34312,1.159801,0.012852,0.02949,0.134944
2025-11-16 15:27:23.566,0,0,0,0,3.310789,1.139062,0.013335,0.028945,0.135041
2025-11-16 15:27:23.817,0,0,0,0,3.268208,1.173612,0.012175,0.029023,0.135166
2025-11-16 15:27:24.070,0,5,0,0,3.213219,1.132538,0.013139,0.028036,0.135326
2025-11-16 15:27:24.322,0,10,0,0,3.170163,1.154139,0.012368,0.027946,0.135449
2025-11-16 15:27:24.575,0,10,0,0,3.170491,1.136112,0.012871,0.027722,0.135448
2025-11-16 15:27:24.827,0,15,0,0,3.148046,1.12935,0.012969,0.027445,0.135512
2025-11-16 15:27:25.080,0,20,0,0,3.123659,1.140585,0.012565,0.027382,0.13558
2025-11-16 15:27:25.332,0,20,0,0,3.103009,1.133382,0.01268,0.027116,0.135638
2025-11-16 15:27:25.584,0,25,0,0,3.089464,1.137938,0.012503,0.027059,0.135676
2025-11-16 15:27:25.837,0,25,0,0,3.062219,1.145497,0.012193,0.02692,0.135751
2025-11-16 15:27:26.089,0,30,0,0,3.04371,1.160749,0.011712,0.026944,0.135801
2025-11-16 15:27:26.341,0,35,0,0,3.036337,1.131634,0.012462,0.026529,0.135822
2025-11-16 15:27:26.593,0,35,0,0,3.00827,1.186034,0.010903,0.026924,0.135898
2025-11-16 15:27:26.845,0,40,0,0,2.969511,1.239769,0.009323,0.027127,0.136002
2025-11-16 15:27:27.098,0,45,0,0,2.964835,1.221755,0.009795,0.026914,0.136014
2025-11-16 15:27:27.351,0,45,0,0,2.897673,1.270375,0.008289,0.026755,0.136191
2025-11-16 15:27:27.564,0,50,0,0,2.949744,1.412732,0.004486,0.028144,0.136055
2025-11-16 15:27:27.816,0,50,0,0,2.893735,1.332753,0.006596,0.027184,0.136202
2025-11-16 15:27:28.068,0,55,0,0,2.909489,1.456994,0.003193,0.027939,0.136161
2025-11-16 15:27:28.321,0,60,0,0,2.956572,1.357551,0.006045,0.027916,0.136036
2025-11-16 15:27:28.573,0,60,0,0,2.911482,1.553612,0.000484,0.028136,0.136155
2025-11-16 15:27:28.825,0,65,0,0,3.058838,1.688367,-0.003463,0.029317,0.13576
2025-11-16 15:27:29.078,0,70,0,0,2.915928,1.593564,-0.000642,0.028174,0.136144
2025-11-16 15:27:29.330,0,70,0,0,3.109966,1.763108,-0.005734,0.029446,0.135618
2025-11-16 15:27:29.583,0,75,0,0,3.305415,1.946092,-0.011663,0.029604,0.135057
2025-11-16 15:27:29.835,0,75,0,0,3.255686,1.866177,-0.009128,0.029999,0.135203
2025-11-16 15:27:30.087,0,80,0,0,3.511801,1.997538,-0.01396,0.030703,0.134428
2025-11-16 15:27:30.339,0,85,0,0,3.373313,1.899187,-0.010465,0.030715,0.134854
2025-11-16 15:27:30.591,0,85,0,0,3.663261,2.052199,-0.016261,0.031128,0.133943
2025-11-16 15:27:30.844,0,90,0,0,4.117991,2.196996,-0.023004,0.031803,0.132372
2025-11-16 15:27:31.096,0,95,0,0,3.930262,2.13627,-0.020122,0.031709,0.133042
2025-11-16 15:27:31.348,0,95,0,0,4.353217,2.231946,-0.025394,0.032643,0.131493
2025-11-16 15:27:31.601,0,100,0,0,4.690891,2.307328,-0.029786,0.032849,0.130151
2025-11-16 15:27:31.854,0,100,0,0,4.614236,2.290745,-0.028793,0.032832,0.130464
2025-11-16 15:27:32.106,0,105,0,0,4.97491,2.350086,-0.0329,0.033305,0.128953
2025-11-16 15:27:32.358,0,110,0,0,4.930182,2.30633,-0.031152,0.034425,0.129146
2025-11-16 15:27:32.610,0,110,0,0,5.324584,2.394544,-0.036545,0.033844,0.12739
2025-11-16 15:27:32.863,0,115,0,0,5.873992,2.457709,-0.042162,0.034366,0.124745
2025-11-16 15:27:33.116,0,120,0,0,5.353659,2.412943,-0.037345,0.03333,0.127255
2025-11-16 15:27:33.369,0,120,0,0,6.167638,2.482685,-0.044893,0.034763,0.12324
2025-11-16 15:27:33.620,0,125,0,0,6.691066,2.516607,-0.049401,0.035641,0.120405
2025-11-16 15:27:33.872,0,125,0,0,6.562729,2.512726,-0.048454,0.035244,0.121118
2025-11-16 15:27:34.124,0,130,0,0,7.080628,2.550547,-0.053052,0.035602,0.118172
2025-11-16 15:27:34.376,0,135,0,0,6.825597,2.511117,-0.050043,0.036523,0.119645
2025-11-16 15:27:34.629,0,135,0,0,7.455448,2.574421,-0.056228,0.035816,0.115929
2025-11-16 15:27:34.881,0,140,0,0,8.030488,2.599324,-0.060601,0.036513,0.112316
2025-11-16 15:27:35.133,0,145,0,0,7.78172,2.594596,-0.058941,0.035894,0.113904
2025-11-16 15:27:35.385,0,145,0,0,8.307834,2.619695,-0.062972,0.036214,0.110502
2025-11-16 15:27:35.638,0,150,0,0,8.760325,2.642713,-0.066399,0.036178,0.10745
2025-11-16 15:27:35.890,0,150,0,0,8.680229,2.636791,-0.065732,0.036321,0.107998
2025-11-16 15:27:36.142,0,155,0,0,9.234284,2.662578,-0.06973,0.036215,0.104134
2025-11-16 15:27:36.395,0,160,0,0,9.345417,2.660874,-0.070262,0.036644,0.103341
2025-11-16 15:27:36.648,0,160,0,0,9.795597,2.680297,-0.073307,0.036438,0.100064
2025-11-16 15:27:36.900,0,165,0,0,10.0,2.708405,-0.075336,0.034842,0.098545
2025-11-16 15:27:37.153,0,170,0,0,10.0,2.702308,-0.075123,0.035301,0.098545
2025-11-16 15:27:37.405,0,170,0,0,10.0,2.725652,-0.075926,0.033537,0.098545
2025-11-16 15:27:37.657,0,175,0,0,10.0,2.737654,-0.076323,0.032624,0.098545
2025-11-16 15:27:37.909,0,175,0,0,10.0,2.745574,-0.076579,0.032018,0.098545
2025-11-16 15:27:38.161,1,0,0,0,7.105563,2.561432,-0.053593,0.035125,0.118026
2025-11-16 15:27:38.414,1,0,0,0,2.753365,1.771804,-0.005321,0.026114,0.136559
2025-11-16 15:27:38.666,1,0,0,0,2.780152,1.713165,-0.003817,0.026631,0.136492
2025-11-16 15:27:38.918,1,0,5,0,2.951168,1.637696,-0.001906,0.028449,0.136051
2025-11-16 15:27:39.171,1,0,10,0,2.848929,1.600234,-0.000811,0.027539,0.136318
2025-11-16 15:27:39.423,1,0,10,0,3.048735,1.581626,-0.000319,0.029425,0.135788
2025-11-16 15:27:39.675,1,0,15,0,3.145467,1.568955,5.6e-05,0.030331,0.135519
2025-11-16 15:27:39.927,1,0,20,0,3.089661,1.544101,0.000796,0.029799,0.135675
2025-11-16 15:27:40.180,1,0,20,0,3.133851,1.5362,0.001045,0.030204,0.135552
2025-11-16 15:27:40.432,1,0,25,0,3.145779,1.536866,0.001029,0.030316,0.135518
2025-11-16 15:27:40.685,1,0,25,0,3.115951,1.516697,0.001625,0.030011,0.135602
2025-11-16 15:27:40.936,1,0,30,0,3.057175,1.503826,0.001975,0.02944,0.135765
2025-11-16 15:27:41.189,1,0,35,0,3.1565,1.518877,0.001579,0.030393,0.135488
2025-11-16 15:27:41.441,1,0,35,0,2.961354,1.489983,0.002309,0.028515,0.136024
2025-11-16 15:27:41.693,1,0,40,0,2.741826,1.458664,0.00297,0.026375,0.136587
2025-11-16 15:27:41.946,1,0,45,0,2.837835,1.469849,0.002766,0.027307,0.136346
2025-11-16 15:27:42.198,1,0,45,0,2.594093,1.440975,0.003255,0.024932,0.136943
2025-11-16 15:27:42.450,1,0,50,0,2.595097,1.402381,0.004216,0.024798,0.13694
2025-11-16 15:27:42.703,1,0,50,0,2.450468,1.417968,0.00362,0.023503,0.13727
2025-11-16 15:27:42.955,1,0,55,0,2.135962,1.339369,0.004766,0.020223,0.137923
2025-11-16 15:27:43.207,1,0,60,0,2.355084,1.407441,0.00372,0.022567,0.137477
2025-11-16 15:27:43.460,1,0,60,0,1.867188,1.282118,0.00518,0.017442,0.138411
2025-11-16 15:27:43.712,1,0,65,0,1.448291,1.192617,0.005223,0.013145,0.139043
2025-11-16 15:27:43.964,1,0,70,0,1.646236,1.217171,0.005562,0.015068,0.138764
2025-11-16 15:27:44.216,1,0,70,0,1.368373,1.062041,0.006512,0.011676,0.139145
2025-11-16 15:27:44.470,1,0,75,0,1.230144,0.905956,0.007419,0.009464,0.139309
2025-11-16 15:27:44.722,1,0,75,0,1.189952,0.892364,0.007302,0.009058,0.139353
2025-11-16 15:27:44.974,1,0,80,0,0.978061,0.430029,0.008699,0.00399,0.139563
2025-11-16 15:27:45.226,1,0,85,0,1.194542,0.90277,0.007235,0.009169,0.139348
2025-11-16 15:27:45.479,1,0,85,0,0.951859,0.193864,0.00914,0.001794,0.139586
2025-11-16 15:27:45.731,1,0,90,0,1.230971,-0.368433,0.011226,-0.004334,0.139308
2025-11-16 15:27:45.983,1,0,95,0,1.098533,-0.211366,0.010505,-0.002254,0.139449
2025-11-16 15:27:46.236,1,0,95,0,1.311821,-0.454685,0.011517,-0.00563,0.139214
2025-11-16 15:27:46.488,1,0,100,0,1.716704,-0.689543,0.012918,-0.010652,0.138656
2025-11-16 15:27:46.740,1,0,100,0,1.569465,-0.623584,0.012436,-0.008946,0.138876
2025-11-16 15:27:46.993,1,0,105,0,1.952477,-0.767678,0.013682,-0.013206,0.138263
2025-11-16 15:27:47.202,1,0,110,0,1.617033,-0.600073,0.013023,-0.008911,0.138807
2025-11-16 15:27:47.454,1,0,110,0,2.250135,-0.842122,0.014563,-0.016316,0.137696
2025-11-16 15:27:47.707,1,0,115,0,2.794558,-0.929875,0.016168,-0.021673,0.136456
2025-11-16 15:27:47.959,1,0,120,0,2.629827,-0.905997,0.01572,-0.020056,0.136858
2025-11-16 15:27:48.211,1,0,120,0,3.033245,-0.956445,0.016879,-0.023928,0.13583
2025-11-16 15:27:48.463,1,0,125,0,3.337919,-0.987639,0.017688,-0.026812,0.13496
2025-11-16 15:27:48.715,1,0,125,0,3.364198,-0.986321,0.017857,-0.026992,0.134881
2025-11-16 15:27:48.968,1,0,130,0,3.79246,-1.01279,0.019221,-0.030795,0.133514
2025-11-16 15:27:49.220,1,0,135,0,3.30646,-0.969828,0.017997,-0.026252,0.135053
2025-11-16 15:27:49.473,1,0,135,0,4.097438,-1.029015,0.020145,-0.033471,0.132447
2025-11-16 15:27:49.726,1,0,140,0,4.555238,-1.05381,0.021327,-0.03751,0.130701
2025-11-16 15:27:49.978,1,0,145,0,4.426099,-1.045444,0.021067,-0.036341,0.131211
2025-11-16 15:27:50.231,1,0,145,0,4.85372,-1.062241,0.022283,-0.039973,0.129472
2025-11-16 15:27:50.483,1,0,150,0,5.119752,-1.069587,0.023093,-0.04215,0.128317
2025-11-16 15:27:50.735,1,0,150,0,5.17524,-1.071222,0.023252,-0.042605,0.128069
2025-11-16 15:27:50.988,1,0,155,0,5.651229,-1.081279,0.02471,-0.046381,0.125845
2025-11-16 15:27:51.241,1,0,160,0,5.442276,-1.062989,0.024704,-0.044393,0.126842
2025-11-16 15:27:51.493,1,0,160,0,6.050403,-1.086518,0.025994,-0.049412,0.123849
2025-11-16 15:27:51.745,1,0,165,0,6.634956,-1.096906,0.0276,-0.053815,0.120718
2025-11-16 15:27:51.997,1,0,170,0,6.465348,-1.091858,0.027259,-0.052496,0.121651
2025-11-16 15:27:52.249,1,0,170,0,7.081463,-1.102698,0.02883,-0.057024,0.118167
2025-11-16 15:27:52.502,1,0,175,0,7.54775,-1.099685,0.030562,-0.060001,0.115363
2025-11-16 15:27:52.754,1,0,175,0,7.561331,-1.102069,0.030464,-0.060161,0.115279
2025-11-16 15:27:53.006,2,0,0,0,3.682517,-1.027943,0.018233,-0.030222,0.13388
2025-11-16 15:27:53.259,2,0,0,0,1.921349,1.313655,0.00476,0.018101,0.138318
2025-11-16 15:27:53.511,2,0,0,0,2.047772,1.269721,0.005911,0.019035,0.13809
2025-11-16 15:27:53.763,2,0,0,5,2.159072,1.28462,0.005928,0.020144,0.137878
2025-11-16 15:27:54.015,2,0,0,10,2.257828,1.303221,0.005802,0.021162,0.13768
2025-11-16 15:27:54.267,2,0,0,10,2.294789,1.313729,0.005669,0.021564,0.137604
2025-11-16 15:27:54.520,2,0,0,15,2.314829,1.318469,0.005614,0.021775,0.137562
2025-11-16 15:27:54.772,2,0,0,15,2.339728,1.319446,0.005652,0.022011,0.13751
2025-11-16 15:27:55.024,2,0,0,20,2.366072,1.320373,0.005694,0.02226,0.137454
2025-11-16 15:27:55.276,2,0,0,25,2.370613,1.326505,0.005568,0.022336,0.137444
2025-11-16 15:27:55.528,2,0,0,25,2.390978,1.326813,0.005608,0.022526,0.1374
2025-11-16 15:27:55.781,2,0,0,30,2.462377,1.312208,0.00611,0.023099,0.137243
2025-11-16 15:27:56.033,2,0,0,35,2.448122,1.317532,0.005953,0.023,0.137275
2025-11-16 15:27:56.285,2,0,0,35,2.477364,1.313935,0.006106,0.023247,0.13721
2025-11-16 15:27:56.538,2,0,0,40,2.606814,1.286503,0.007086,0.02425,0.136913
2025-11-16 15:27:56.790,2,0,0,40,2.559392,1.298182,0.006681,0.023898,0.137023
2025-11-16 15:27:57.042,2,0,0,45,2.734733,1.261852,0.00805,0.025221,0.136605
2025-11-16 15:27:57.295,2,0,0,50,2.540686,1.296472,0.006674,0.023716,0.137066
2025-11-16 15:27:57.548,2,0,0,50,3.150183,1.22275,0.01036,0.028553,0.135506
2025-11-16 15:27:57.800,2,0,0,55,3.284189,1.169436,0.012354,0.029109,0.135119
2025-11-16 15:27:58.052,2,0,0,60,3.08024,1.204403,0.010648,0.027749,0.135701
2025-11-16 15:27:58.305,2,0,0,60,3.44804,1.150115,0.013534,0.03025,0.134626
2025-11-16 15:27:58.557,2,0,0,65,3.878762,1.100065,0.01682,0.033053,0.13322
2025-11-16 15:27:58.810,2,0,0,65,3.738525,1.109239,0.015947,0.032062,0.133695
2025-11-16 15:27:59.063,2,0,0,70,4.067664,1.07735,0.018377,0.034169,0.132555
2025-11-16 15:27:59.315,2,0,0,75,3.991819,1.082502,0.017879,0.033658,0.132826
2025-11-16 15:27:59.567,2,0,0,75,4.371599,1.049873,0.020664,0.036014,0.131422
2025-11-16 15:27:59.777,2,0,0,80,4.83864,1.013371,0.02414,0.038725,0.129536
2025-11-16 15:28:00.029,2,0,0,85,4.511993,1.03201,0.021943,0.036708,0.130874
2025-11-16 15:28:00.282,2,0,0,85,5.143806,0.987053,0.026603,0.040275,0.128209
2025-11-16 15:28:00.534,2,0,0,90,5.594998,0.961077,0.029825,0.042699,0.126116
2025-11-16 15:28:00.786,2,0,0,90,5.485482,0.967,0.029051,0.04212,0.126639
2025-11-16 15:28:01.038,2,0,0,95,5.950053,0.941838,0.032366,0.044488,0.124362
2025-11-16 15:28:01.291,2,0,0,100,5.583495,0.953847,0.030078,0.042404,0.126172
2025-11-16 15:28:01.543,2,0,0,100,6.237065,0.924446,0.034533,0.045771,0.122875
2025-11-16 15:28:01.796,2,0,0,105,6.754666,0.898909,0.038224,0.04806,0.120047
2025-11-16 15:28:02.048,2,0,0,110,6.602353,0.904839,0.037208,0.047357,0.120899
2025-11-16 15:28:02.300,2,0,0,110,7.037598,0.886226,0.040196,0.049245,0.118424
2025-11-16 15:28:02.552,2,0,0,115,7.495807,0.865896,0.043387,0.051002,0.115682
2025-11-16 15:28:02.804,2,0,0,115,7.45348,0.865756,0.043195,0.050761,0.115941
2025-11-16 15:28:03.056,2,0,0,120,7.897269,0.845925,0.046296,0.052269,0.113171
2025-11-16 15:28:03.308,2,0,0,125,7.741294,0.845938,0.045566,0.051446,0.114158
2025-11-16 15:28:03.561,2,0,0,125,8.252791,0.831302,0.048705,0.053395,0.110866
2025-11-16 15:28:03.813,2,0,0,130,8.664862,0.815045,0.051438,0.054582,0.108103
2025-11-16 15:28:04.065,2,0,0,135,8.55699,0.816162,0.050895,0.054127,0.108836
2025-11-16 15:28:04.318,2,0,0,135,9.084284,0.796461,0.054299,0.055514,0.105196
2025-11-16 15:28:04.570,2,0,0,140,9.483159,0.781844,0.056813,0.05641,0.102348
2025-11-16 15:28:04.822,2,0,0,140,9.449338,0.780869,0.056726,0.056215,0.102593
2025-11-16 15:28:05.075,2,0,0,145,9.891891,0.7645,0.059474,0.057039,0.099351
2025-11-16 15:28:05.327,2,0,0,150,10.0,0.754247,0.060492,0.056836,0.098545
2025-11-16 15:28:05.579,2,0,0,150,10.0,0.747482,0.060875,0.056425,0.098545
2025-11-16 15:28:05.831,2,0,0,155,10.0,0.729804,0.061863,0.05534,0.098545
2025-11-16 15:28:06.083,2,0,0,160,10.0,0.726142,0.062065,0.055113,0.098545
2025-11-16 15:28:06.336,2,0,0,160,10.0,0.707709,0.06307,0.05396,0.098545
2025-11-16 15:28:06.588,2,0,0,165,10.0,0.690669,0.063981,0.052878,0.098545
2025-11-16 15:28:06.841,2,0,0,165,10.0,0.685364,0.06426,0.052537,0.098545
2025-11-16 15:28:07.093,2,0,0,170,10.0,0.665018,0.065316,0.051219,0.098545
2025-11-16 15:28:07.345,2,0,0,175,10.0,0.651042,0.066025,0.050301,0.098545
2025-11-16 15:28:07.598,2,0,0,175,10.0,0.639349,0.066609,0.049526,0.098545
2025-11-16 15:28:07.850,3,0,0,0,9.46816,0.768827,0.057479,0.055605,0.102457
2025-11-16 15:28:08.102,3,0,0,0,4.135466,1.080657,0.018551,0.034768,0.132309
2025-11-16 15:28:08.354,3,0,0,0,3.942321,1.116034,0.016544,0.033836,0.133
2025-11-16 15:28:08.607,3,5,5,5,3.991086,1.133758,0.016128,0.034524,0.132828
2025-11-16 15:28:08.819,3,5,5,5,3.744317,1.144448,0.014831,0.032651,0.133676
2025-11-16 15:28:09.072,3,10,10,10,3.790098,1.160835,0.01446,0.033273,0.133522
2025-11-16 15:28:09.324,3,15,15,15,3.679462,1.17007,0.013758,0.032474,0.13389
2025-11-16 15:28:09.577,3,15,15,15,3.729437,1.174437,0.013792,0.032956,0.133725
2025-11-16 15:28:09.829,3,20,20,20,3.729596,1.181069,0.013574,0.033048,0.133725
2025-11-16 15:28:10.082,3,25,25,25,3.680448,1.186609,0.013222,0.032706,0.133887
2025-11-16 15:28:10.334,3,25,25,25,3.631375,1.196024,0.012749,0.03241,0.134047
2025-11-16 15:28:10.586,3,30,30,30,3.518079,1.20608,0.012051,0.031564,0.134408
2025-11-16 15:28:10.839,3,30,30,30,3.528026,1.215249,0.011793,0.031759,0.134377
2025-11-16 15:28:11.091,3,35,35,35,3.413877,1.221485,0.011234,0.030842,0.134731
2025-11-16 15:28:11.344,3,40,40,40,3.442915,1.220824,0.011346,0.031086,0.134642
2025-11-16 15:28:11.596,3,40,40,40,3.204802,1.25578,0.009569,0.029364,0.13535
2025-11-16 15:28:11.848,3,45,45,45,2.898945,1.282943,0.007955,0.026869,0.136188
2025-11-16 15:28:12.100,3,50,50,50,3.062753,1.261411,0.009,0.028155,0.135749
2025-11-16 15:28:12.353,3,50,50,50,3.024481,1.273522,0.008553,0.027919,0.135854
2025-11-16 15:28:12.605,3,55,55,55,3.016624,1.299184,0.007814,0.028058,0.135875
2025-11-16 15:28:12.857,3,55,55,55,2.98523,1.284902,0.008131,0.027662,0.13596
2025-11-16 15:28:13.110,3,60,60,60,2.910282,1.286984,0.007876,0.027003,0.136159
2025-11-16 15:28:13.362,3,65,65,65,2.933621,1.376009,0.005487,0.027812,0.136097
2025-11-16 15:28:13.615,3,65,65,65,2.994621,1.352942,0.006251,0.028236,0.135935
2025-11-16 15:28:13.867,3,70,70,70,2.983572,1.298881,0.007739,0.027758,0.135964
2025-11-16 15:28:14.119,3,75,75,75,2.950476,1.276956,0.008256,0.027284,0.136053
2025-11-16 15:28:14.371,3,75,75,75,2.875127,1.281379,0.007933,0.026642,0.13625
2025-11-16 15:28:14.624,3,80,80,80,3.379338,1.316583,0.008174,0.03146,0.134835
2025-11-16 15:28:14.877,3,80,80,80,2.987364,1.24208,0.009314,0.027307,0.135954
2025-11-16 15:28:15.129,3,85,85,85,3.565747,1.345524,0.007645,0.03336,0.134257
2025-11-16 15:28:15.381,3,90,90,90,3.493902,1.24705,0.010677,0.031819,0.134484
2025-11-16 15:28:15.634,3,90,90,90,3.037206,1.2437,0.00942,0.027764,0.135819
2025-11-16 15:28:15.887,3,95,95,95,3.099171,1.1217,0.01298,0.026934,0.135649
2025-11-16 15:28:16.139,3,100,100,100,3.035653,1.263646,0.00886,0.027933,0.135823
2025-11-16 15:28:16.391,3,100,100,100,2.974021,1.249936,0.00906,0.027261,0.13599
2025-11-16 15:28:16.643,3,105,105,105,3.132928,1.047459,0.0151,0.02617,0.135554
2025-11-16 15:28:16.896,3,105,105,105,2.995299,1.245292,0.00925,0.027407,0.135933
2025-11-16 15:28:17.148,3,110,110,110,3.643364,1.16668,0.013738,0.032123,0.134008
2025-11-16 15:28:17.400,3,115,115,115,2.98797,1.282195,0.008213,0.027664,0.135953
2025-11-16 15:28:17.652,3,115,115,115,2.809164,1.173547,0.010514,0.025061,0.136419
2025-11-16 15:28:17.905,3,120,120,120,3.434478,1.145936,0.013608,0.030079,0.134667
2025-11-16 15:28:18.156,3,125,125,125,2.836781,1.256189,0.00849,0.02609,0.136349
2025-11-16 15:28:18.409,3,125,125,125,2.911966,1.216095,0.009775,0.026392,0.136154
2025-11-16 15:28:18.660,3,130,130,130,3.341199,1.123922,0.013894,0.028994,0.13495
2025-11-16 15:28:18.913,3,130,130,130,3.399965,0.650641,0.026016,0.019803,0.134773
2025-11-16 15:28:19.165,3,135,135,135,5.206523,0.275478,0.046964,0.013275,0.127928
2025-11-16 15:28:19.417,3,140,140,140,5.798301,0.112512,0.053431,0.006037,0.125123
2025-11-16 15:28:19.669,3,140,140,140,6.41245,0.110162,0.058377,0.006457,0.121938
2025-11-16 15:28:19.922,3,145,145,145,6.81821,0.152658,0.061177,0.009412,0.119687
2025-11-16 15:28:20.174,3,150,150,150,6.691052,0.078008,0.06073,0.004747,0.120405
2025-11-16 15:28:20.427,3,150,150,150,3.280728,0.900872,0.019615,0.024762,0.135129
2025-11-16 15:28:20.679,3,155,155,155,3.296593,1.140804,0.01323,0.028848,0.135083
2025-11-16 15:28:20.931,3,155,155,155,3.316128,0.666029,0.025097,0.019721,0.135025
2025-11-16 15:28:21.184,3,160,160,160,5.897671,0.463661,0.048824,0.024413,0.124626
2025-11-16 15:28:21.436,3,165,165,165,7.788231,0.017196,0.069046,0.001187,0.113863
2025-11-16 15:28:21.688,3,165,165,165,8.927735,-0.06412,0.076521,-0.004913,0.106292
2025-11-16 15:28:21.940,3,170,170,170,9.371157,0.03196,0.079357,0.002537,0.103156
2025-11-16 15:28:22.192,3,175,175,175,9.306551,-0.121239,0.07843,-0.009556,0.103619
2025-11-16 15:28:22.444,3,175,175,175,9.837835,0.052251,0.08199,0.004288,0.099751
2025-11-16 15:28:22.696,4,0,0,0,8.134713,-0.006284,0.071466,-0.000449,0.11164
2025-11-16 15:28:22.949,4,0,0,0,3.064792,1.148064,0.012134,0.026973,0.135744
2025-11-16 15:28:23.162,0,0,0,0,3.527123,1.117819,0.014823,0.030453,0.134379
2025-11-16 15:28:23.414,0,0,0,0,3.421004,1.155145,0.01328,0.030089,0.134709
2025-11-16 15:28:23.667,0,0,0,0,3.305388,1.182202,0.012056,0.029447,0.135057
2025-11-16 15:28:23.919,0,5,0,0,3.296377,1.110115,0.014108,0.028427,0.135083
2025-11-16 15:28:24.171,0,10,0,0,3.239124,1.16252,0.012389,0.028638,0.135251
2025-11-16 15:28:24.423,0,10,0,0,3.210305,1.124638,0.013349,0.027907,0.135334
2025-11-16 15:28:24.676,0,15,0,0,3.186635,1.110242,0.013651,0.027514,0.135402
2025-11-16 15:28:24.928,0,15,0,0,3.206295,1.140261,0.012895,0.028078,0.135346
2025-11-16 15:28:25.181,0,20,0,0,3.123252,1.12157,0.013082,0.027135,0.135581
